<?xml version="1.0" encoding="UTF-8"?>
<?xml-stylesheet type="text/css" href="Fandango.css"?>
<theatres xmlns:xsi="http://www.w3.org/2001/XMLSchema-instance"
xsi:noNamespaceSchemaLocation="fandango.xsd">
    <site>FANDANGO </site>
    <day>2018-09-26</day>
    <theatre id="1">
        <name>Regal Culver Ridge Plaza 16</name>
        <address>2255 Ridge Road East, Irondequoit, NY</address>
        <zip>14622 </zip>
        <message>Text to FNDGO (36346) from your wireless device to get this theater's showtimes.</message>
        <movie>
            <film> The Nun (2018)</film>
            <rating>(R) </rating>
            <duration>1 hr 36 min </duration>
            <clock>2:00pm | 4:25pm | 6:50pm |  9:15pm </clock>
        </movie>
        <movie>
            <film>Crazy Rich Asians </film>
            <rating>(PG-13) </rating>
            <duration>2 hr 0 min </duration>
            <clock> 1:00pm | 3:50pm | 6:40pm | 9:30pm </clock>
        </movie>
        <movie>
            <film>Mission: Impossible - Fallout </film>
            <rating>(PG-13) </rating>
            <duration>2 hr 27 min </duration>
            <clock>1:15pm | 4:30pm | 7:50pm </clock>
        </movie>
    </theatre>
    <theatre id="2">
        <name>Pittsford Cinemas </name>
        <address>3349 Monroe Ave., Pittsford Plaza, Rochester, NY </address>
        <zip>14618 </zip>
        <message>Text to FNDGO (36346) from your wireless device to get this theater's showtimes.</message>
        <movie>
            <film>Fahrenheit 11/9 </film>
            <rating>(R) </rating>
            <duration>2 hr 6 min </duration>
            <clock>1:10pm | 4:10pm | 7:00pm </clock>
        </movie>
        <movie>
            <film>White Boy Rick </film>
            <rating>(R) </rating>
            <duration>1 hr 51 min </duration>
            <clock>11:25am | 2:40pm | 5:20pm | 8:00pm </clock>
        </movie>
        <movie>
            <film>The Bookshop </film>
            <rating>(PG) </rating>
            <duration>1 hr 53 min </duration>
            <clock>1:00pm | 6:45pm   </clock>
        </movie>
    </theatre>
    <theatre id="3">
        <name>Little Theatres </name>
        <address>240 East Ave., Rochester, NY </address>
        <zip>14604 </zip>
        <message>Text to FNDGO (36346) from your wireless device to get this theater's showtimes.</message>
        <movie>
            <film>Bad Reputation (2018)</film>
            <rating>(R) </rating>
            <duration>1 hr 55 min </duration>
            <clock>8:30pm    </clock>
        </movie>
        <movie>
            <film>Life Itself (2018) </film>
            <rating>(R) </rating>
            <duration>1 hr 58 min </duration>
            <clock>6:20pm | 8:50pm   </clock>
        </movie>
        <movie>
            <film>The Wife</film>
            <rating>(R) </rating>
            <duration>1 hr 40 min </duration>
            <clock> 6:10pm </clock>
        </movie>
    </theatre>
</theatres>